# phase	slug	core_description	observer_description	predecessor_phase	predecessor_slug	next_slug	prereq_registry	prereq_marker
73	openclaw-cloud-consciousness-live-provider-credential-value-access-authorization-approved-deferred	approved deferred credential value access authorization evidence	credential value access authorization approved deferred evidence	72	openclaw-cloud-consciousness-live-provider-credential-value-access-authorization-task-shell	openclaw-cloud-consciousness-live-provider-credential-value-final-readiness-preflight	openclaw-cloud-consciousness-live-provider-credential-value-access-authorization-task-v0	cloud_consciousness_live_provider_credential_value_access_authorization_task_shell_deferred
74	openclaw-cloud-consciousness-live-provider-credential-value-final-readiness-preflight	credential value final readiness preflight	credential value final readiness preflight	73	openclaw-cloud-consciousness-live-provider-credential-value-access-authorization-approved-deferred	openclaw-cloud-consciousness-live-provider-credential-value-access-authorization-decision-route	openclaw-cloud-consciousness-live-provider-credential-value-access-authorization-task-v0	cloud_consciousness_live_provider_credential_value_access_authorization_task_shell_deferred
75	openclaw-cloud-consciousness-live-provider-credential-value-access-authorization-decision-route	credential value access authorization decision route	credential value access authorization decision route	74	openclaw-cloud-consciousness-live-provider-credential-value-final-readiness-preflight	openclaw-cloud-consciousness-live-provider-credential-value-access-authorization-decision-task-shell	openclaw-cloud-consciousness-live-provider-credential-value-final-readiness-preflight-v0	credential_value_final_readiness_preflight_recorded_deferred
76	openclaw-cloud-consciousness-live-provider-credential-value-access-authorization-decision-task-shell	approval-gated credential value access authorization decision task shell	credential value access authorization decision task shell	75	openclaw-cloud-consciousness-live-provider-credential-value-access-authorization-decision-route	openclaw-cloud-consciousness-live-provider-credential-value-access-authorization-decision-approved-deferred	openclaw-cloud-consciousness-live-provider-credential-value-final-readiness-preflight-v0	credential_value_final_readiness_preflight_recorded_deferred
77	openclaw-cloud-consciousness-live-provider-credential-value-access-authorization-decision-approved-deferred	approved deferred credential value access authorization decision evidence	credential value access authorization decision approved deferred evidence	76	openclaw-cloud-consciousness-live-provider-credential-value-access-authorization-decision-task-shell	openclaw-cloud-consciousness-live-provider-credential-value-access-authorized-local-proof	openclaw-cloud-consciousness-live-provider-credential-value-access-authorization-decision-task-v0	cloud_consciousness_live_provider_credential_value_access_authorization_decision_task_shell_deferred
78	openclaw-cloud-consciousness-live-provider-credential-value-access-authorized-local-proof	credential value access authorized local proof	credential value access authorized local proof	77	openclaw-cloud-consciousness-live-provider-credential-value-access-authorization-decision-approved-deferred	openclaw-cloud-consciousness-live-provider-credential-value-local-read-route	openclaw-cloud-consciousness-live-provider-credential-value-access-authorization-decision-task-v0	cloud_consciousness_live_provider_credential_value_access_authorization_decision_task_shell_deferred
79	openclaw-cloud-consciousness-live-provider-credential-value-local-read-route	credential value local read route	credential value local read route	78	openclaw-cloud-consciousness-live-provider-credential-value-access-authorized-local-proof	openclaw-cloud-consciousness-live-provider-credential-value-local-read-task-shell	openclaw-cloud-consciousness-live-provider-credential-value-access-authorized-local-proof-v0	credential_value_access_authorized_local_proof_recorded_deferred
80	openclaw-cloud-consciousness-live-provider-credential-value-local-read-task-shell	approval-gated credential value local read task shell	credential value local read task shell	79	openclaw-cloud-consciousness-live-provider-credential-value-local-read-route	openclaw-cloud-consciousness-live-provider-credential-value-local-read-approved-deferred	openclaw-cloud-consciousness-live-provider-credential-value-access-authorized-local-proof-v0	credential_value_access_authorized_local_proof_recorded_deferred
81	openclaw-cloud-consciousness-live-provider-credential-value-local-read-approved-deferred	approved deferred credential value local read evidence	credential value local read approved deferred evidence	80	openclaw-cloud-consciousness-live-provider-credential-value-local-read-task-shell	openclaw-cloud-consciousness-live-provider-credential-value-local-read-final-readiness-preflight	openclaw-cloud-consciousness-live-provider-credential-value-local-read-task-v0	cloud_consciousness_live_provider_credential_value_local_read_task_shell_deferred
82	openclaw-cloud-consciousness-live-provider-credential-value-local-read-final-readiness-preflight	credential value local read final readiness preflight	credential value local read final readiness preflight	81	openclaw-cloud-consciousness-live-provider-credential-value-local-read-approved-deferred	openclaw-cloud-consciousness-live-provider-credential-value-local-read-execution-route	openclaw-cloud-consciousness-live-provider-credential-value-local-read-task-v0	cloud_consciousness_live_provider_credential_value_local_read_task_shell_deferred
83	openclaw-cloud-consciousness-live-provider-credential-value-local-read-execution-route	credential value local read execution route	credential value local read execution route	82	openclaw-cloud-consciousness-live-provider-credential-value-local-read-final-readiness-preflight	openclaw-cloud-consciousness-live-provider-credential-value-local-read-execution-task-shell	openclaw-cloud-consciousness-live-provider-credential-value-local-read-final-readiness-preflight-v0	credential_value_local_read_final_readiness_preflight_recorded_deferred
84	openclaw-cloud-consciousness-live-provider-credential-value-local-read-execution-task-shell	approval-gated credential value local read execution task shell	credential value local read execution task shell	83	openclaw-cloud-consciousness-live-provider-credential-value-local-read-execution-route	openclaw-cloud-consciousness-live-provider-credential-value-local-read-execution-approved-deferred	openclaw-cloud-consciousness-live-provider-credential-value-local-read-final-readiness-preflight-v0	credential_value_local_read_final_readiness_preflight_recorded_deferred
85	openclaw-cloud-consciousness-live-provider-credential-value-local-read-execution-approved-deferred	approved deferred credential value local read execution evidence	credential value local read execution approved deferred evidence	84	openclaw-cloud-consciousness-live-provider-credential-value-local-read-execution-task-shell	openclaw-cloud-consciousness-live-provider-credential-value-local-read-execution-final-readiness-preflight	openclaw-cloud-consciousness-live-provider-credential-value-local-read-execution-task-v0	cloud_consciousness_live_provider_credential_value_local_read_execution_task_shell_deferred
86	openclaw-cloud-consciousness-live-provider-credential-value-local-read-execution-final-readiness-preflight	credential value local read execution final readiness preflight	credential value local read execution final readiness preflight	85	openclaw-cloud-consciousness-live-provider-credential-value-local-read-execution-approved-deferred	openclaw-cloud-consciousness-live-provider-credential-value-local-read-execution-local-read-route	openclaw-cloud-consciousness-live-provider-credential-value-local-read-execution-task-v0	cloud_consciousness_live_provider_credential_value_local_read_execution_task_shell_deferred
87	openclaw-cloud-consciousness-live-provider-credential-value-local-read-execution-local-read-route	credential value local read execution local read route	credential value local read execution local read route	86	openclaw-cloud-consciousness-live-provider-credential-value-local-read-execution-final-readiness-preflight	openclaw-cloud-consciousness-live-provider-credential-value-local-read-execution-local-read-task-shell	openclaw-cloud-consciousness-live-provider-credential-value-local-read-execution-final-readiness-preflight-v0	credential_value_local_read_execution_final_readiness_preflight_recorded_deferred
88	openclaw-cloud-consciousness-live-provider-credential-value-local-read-execution-local-read-task-shell	approval-gated credential value local read execution local read task shell	credential value local read execution local read task shell	87	openclaw-cloud-consciousness-live-provider-credential-value-local-read-execution-local-read-route	openclaw-cloud-consciousness-live-provider-credential-value-local-read-execution-local-read-approved-deferred	openclaw-cloud-consciousness-live-provider-credential-value-local-read-execution-final-readiness-preflight-v0	credential_value_local_read_execution_final_readiness_preflight_recorded_deferred
89	openclaw-cloud-consciousness-live-provider-credential-value-local-read-execution-local-read-approved-deferred	approved deferred credential value local read execution local read evidence	credential value local read execution local read approved deferred evidence	88	openclaw-cloud-consciousness-live-provider-credential-value-local-read-execution-local-read-task-shell	openclaw-cloud-consciousness-live-provider-credential-value-local-read-execution-local-read-final-readiness-preflight	openclaw-cloud-consciousness-live-provider-credential-value-local-read-execution-local-read-task-v0	cloud_consciousness_live_provider_credential_value_local_read_execution_local_read_task_shell_deferred
90	openclaw-cloud-consciousness-live-provider-credential-value-local-read-execution-local-read-final-readiness-preflight	credential value local read execution local read final readiness preflight	credential value local read execution local read final readiness preflight	89	openclaw-cloud-consciousness-live-provider-credential-value-local-read-execution-local-read-approved-deferred	openclaw-cloud-consciousness-live-provider-credential-value-local-read-execution-local-read-attempt-route	openclaw-cloud-consciousness-live-provider-credential-value-local-read-execution-local-read-task-v0	cloud_consciousness_live_provider_credential_value_local_read_execution_local_read_task_shell_deferred
